Workbook

Sheet raw buses
A1: Bus No. | B1: Bus Type* | C1: Voltage | D1: Voltage | E1: P-Generated MW | F1: Q-Generated MVAR | G1: P-Load MW | H1: Q-Load MVAR | I1: Q-Generated max | J1: Q-Generated min
C2: specified (p.u.) | D2: angle (p.u.) | I2: MVAR | J2: MVAR
A3: 1 | B3: 1 | C3: 1.06 | D3: 0 | E3: 0 | F3: 0 | G3: 0 | H3: 0 | I3: 0 | J3: 0
A4: 2 | B4: 2 | C4: 1.045 | D4: 0 | E4: 0.4 | F4: 0.424 | G4: 0.217 | H4: 0.127 | I4: 0.5 | J4: -0.4
A5: 3 | B5: 2 | C5: 1.01 | D5: 0 | E5: 0 | F5: 0.234 | G5: 0.942 | H5: 0.19 | I5: 0.4 | J5: 0
A6: 4 | B6: 3 | C6: 1 | D6: 0 | E6: 0 | F6: 0 | G6: 0.478 | H6: 0 | I6: 0 | J6: 0
A7: 5 | B7: 3 | C7: 1 | D7: 0 | E7: 0 | F7: 0 | G7: 0.076 | H7: 0.016 | I7: 0 | J7: 0
A8: 6 | B8: 2 | C8: 1.07 | D8: 0 | E8: 0 | F8: 0.122 | G8: 0.112 | H8: 0.075 | I8: 0.24 | J8: -0.06
A9: 7 | B9: 3 | C9: 1 | D9: 0 | E9: 0 | F9: 0 | G9: 0 | H9: 0 | I9: 0 | J9: 0
A10: 8 | B10: 2 | C10: 1.09 | D10: 0 | E10: 0 | F10: 0.174 | G10: 0 | H10: 0 | I10: 0.24 | J10: -0.06
A11: 9 | B11: 3 | C11: 1 | D11: 0 | E11: 0 | F11: 0 | G11: 0.295 | H11: 0.166 | I11: 0 | J11: 0
A12: 10 | B12: 3 | C12: 1 | D12: 0 | E12: 0 | F12: 0 | G12: 0.09 | H12: 0.058 | I12: 0 | J12: 0
A13: 11 | B13: 3 | C13: 1 | D13: 0 | E13: 0 | F13: 0 | G13: 0.035 | H13: 0.018 | I13: 0 | J13: 0
A14: 12 | B14: 3 | C14: 1 | D14: 0 | E14: 0 | F14: 0 | G14: 0.061 | H14: 0.016 | I14: 0 | J14: 0
... A16: 14 | B16: 3 | C16: 1 | D16: 0 | E16: 0 | F16: 0 | G16: 0.149 | H16: 0.05 | I16: 0 | J16: 0

Sheet raw lines
A1: From | B1: To Bus | C1: Resistance | D1: Reactance (p.u.) | E1: Half line charging | F1: Tap
A2: Bus | C2: (p.u.) | E2: admittance (p.u.) | F2: Ratio
A3: 1 | B3: 2 | C3: 0.01938 | D3: 0.05917 | E3: 0.0264 | F3: 1
A4: 1 | B4: 5 | C4: 0.05403 | D4: 0.22304 | E4: 0.0246 | F4: 1
A5: 2 | B5: 3 | C5: 0.04699 | D5: 0.19797 | E5: 0.0219 | F5: 1
A6: 2 | B6: 4 | C6: 0.05811 | D6: 0.17632 | E6: 0.017 | F6: 1
A7: 2 | B7: 5 | C7: 0.05695 | D7: 0.17388 | E7: 0.0173 | F7: 1
A8: 3 | B8: 4 | C8: 0.06701 | D8: 0.17103 | E8: 0.0064 | F8: 1
A9: 4 | B9: 5 | C9: 0.01335 | D9: 0.04211 | E9: 0 | F9: 1
A10: 4 | B10: 7 | C10: 0 | D10: 0.20912 | E10: 0 | F10: 0.978
A11: 4 | B11: 9 | C11: 0 | D11: 0.55618 | E11: 0 | F11: 0.969
A12: 5 | B12: 6 | C12: 0 | D12: 0.25202 | E12: 0 | F12: 0.932
A13: 6 | B13: 11 | C13: 0.09498 | D13: 0.1989 | E13: 0 | F13: 1
A14: 6 | B14: 12 | C14: 0.12291 | D14: 0.25581 | E14: 0 | F14: 1
... A22: 13 | B22: 14 | C22: 0.17093 | D22: 0.34802 | E22: 0 | F22: 1
H32: Así es como quiere que lo hagas este ejemplo, no con mis "secciones" sino con "incrustacion
H33: Convertir un trafo + una impedancia en un modelo PI sin trafo

Sheet buses
A1: ID | B1: RawNumType | C1: Type | D1: P | E1: Q | F1: V | G1: θ | I1: V0 | J1: θ0
A2: ='raw buses'!A3 -> 1 | B2: ='raw buses'!B3 -> 1 | C2: =CHOOSE(B2,"Slack","PV","PQ") -> Slack | D2: ='raw buses'!E3-'raw buses'!G3 -> 0 | E2: ='raw buses'!F3-'raw buses'!H3 -> 0 | F2: ='raw buses'!C3*SQRT(3) -> 1.8359739 | G2: ='raw buses'!D3 -> 0 | I2: =F2 -> 1.8359739 | J2: =G2 -> 0
A3: ='raw buses'!A4 -> 2 | B3: ='raw buses'!B4 -> 2 | C3: =CHOOSE(B3,"Slack","PV","PQ") -> PV | D3: ='raw buses'!E4-'raw buses'!G4 -> 0.183 | E3: ='raw buses'!F4-'raw buses'!H4 -> 0.297 | F3: ='raw buses'!C4*SQRT(3) -> 1.8099931 | G3: ='raw buses'!D4 -> 0 | I3: =F3 -> 1.8099931 | J3: =G3 -> 0
A4: ='raw buses'!A5 -> 3 | B4: ='raw buses'!B5 -> 2 | C4: =CHOOSE(B4,"Slack","PV","PQ") -> PV | D4: ='raw buses'!E5-'raw buses'!G5 -> -0.942 | E4: ='raw buses'!F5-'raw buses'!H5 -> 0.044 | F4: ='raw buses'!C5*SQRT(3) -> 1.7493713 | G4: ='raw buses'!D5 -> 0 | I4: =F4 -> 1.7493713 | J4: =G4 -> 0
A5: ='raw buses'!A6 -> 4 | B5: ='raw buses'!B6 -> 3 | C5: =CHOOSE(B5,"Slack","PV","PQ") -> PQ | D5: ='raw buses'!E6-'raw buses'!G6 -> -0.478 | E5: ='raw buses'!F6-'raw buses'!H6 -> 0 | F5: ='raw buses'!C6*SQRT(3) -> 1.7320508 | G5: ='raw buses'!D6 -> 0 | I5: =F5 -> 1.7320508 | J5: =G5 -> 0 | N5: NOTAS
A6: ='raw buses'!A7 -> 5 | B6: ='raw buses'!B7 -> 3 | C6: =CHOOSE(B6,"Slack","PV","PQ") -> PQ | D6: ='raw buses'!E7-'raw buses'!G7 -> -0.076 | E6: ='raw buses'!F7-'raw buses'!H7 -> -0.016 | F6: ='raw buses'!C7*SQRT(3) -> 1.7320508 | G6: ='raw buses'!D7 -> 0 | I6: =F6 -> 1.7320508 | J6: =G6 -> 0 | N6: ="- Especificar los valores en unidades del sistema internacional" -> - Especificar los valores en unidades del sistema internacional
A7: ='raw buses'!A8 -> 6 | B7: ='raw buses'!B8 -> 2 | C7: =CHOOSE(B7,"Slack","PV","PQ") -> PV | D7: ='raw buses'!E8-'raw buses'!G8 -> -0.112 | E7: ='raw buses'!F8-'raw buses'!H8 -> 0.047 | F7: ='raw buses'!C8*SQRT(3) -> 1.8532944 | G7: ='raw buses'!D8 -> 0 | I7: =F7 -> 1.8532944 | J7: =G7 -> 0 | N7: ="- Se considera P positiva aquella que es generada, y negativa aquella que se consume" -> - Se considera P positiva aquella que es generada, y negativa aquella que se consume
A8: ='raw buses'!A9 -> 7 | B8: ='raw buses'!B9 -> 3 | C8: =CHOOSE(B8,"Slack","PV","PQ") -> PQ | D8: ='raw buses'!E9-'raw buses'!G9 -> 0 | E8: ='raw buses'!F9-'raw buses'!H9 -> 0 | F8: ='raw buses'!C9*SQRT(3) -> 1.7320508 | G8: ='raw buses'!D9 -> 0 | I8: =F8 -> 1.7320508 | J8: =G8 -> 0 | N8: ="- Se considera Q positiva aquella que es generada (condensador), y negativa aquella que se consume (bobina)" -> - Se considera Q positiva aquella que es generada (condensador), y negativa aquella que se consume (bobina)
A9: ='raw buses'!A10 -> 8 | B9: ='raw buses'!B10 -> 2 | C9: =CHOOSE(B9,"Slack","PV","PQ") -> PV | D9: ='raw buses'!E10-'raw buses'!G10 -> 0 | E9: ='raw buses'!F10-'raw buses'!H10 -> 0.174 | F9: ='raw buses'!C10*SQRT(3) -> 1.8879354 | G9: ='raw buses'!D10 -> 0 | I9: =F9 -> 1.8879354 | J9: =G9 -> 0 | N9: ="- El orden de las columnas no importa, solo las etiquetas de su cabecera (Type, P, Q, etc)" -> - El orden de las columnas no importa, solo las etiquetas de su cabecera (Type, P, Q, etc)
A10: ='raw buses'!A11 -> 9 | B10: ='raw buses'!B11 -> 3 | C10: =CHOOSE(B10,"Slack","PV","PQ") -> PQ | D10: ='raw buses'!E11-'raw buses'!G11 -> -0.295 | E10: ='raw buses'!F11-'raw buses'!H11 + 0.19 -> 0.024 | F10: ='raw buses'!C11*SQRT(3) -> 1.7320508 | G10: ='raw buses'!D11 -> 0 | I10: =F10 -> 1.7320508 | J10: =G10 -> 0 | N10: ="- Los angulos se considerarán en radianes" -> - Los angulos se considerarán en radianes
A11: ='raw buses'!A12 -> 10 | B11: ='raw buses'!B12 -> 3 | C11: =CHOOSE(B11,"Slack","PV","PQ") -> PQ | D11: ='raw buses'!E12-'raw buses'!G12 -> -0.09 | E11: ='raw buses'!F12-'raw buses'!H12 -> -0.058 | F11: ='raw buses'!C12*SQRT(3) -> 1.7320508 | G11: ='raw buses'!D12 -> 0 | I11: =F11 -> 1.7320508 | J11: =G11 -> 0 | N11: ="- La V es la tension fase-neutro, no la de linea." -> - La V es la tension fase-neutro, no la de linea.
A12: ='raw buses'!A13 -> 11 | B12: ='raw buses'!B13 -> 3 | C12: =CHOOSE(B12,"Slack","PV","PQ") -> PQ | D12: ='raw buses'!E13-'raw buses'!G13 -> -0.035 | E12: ='raw buses'!F13-'raw buses'!H13 -> -0.018 | F12: ='raw buses'!C13*SQRT(3) -> 1.7320508 | G12: ='raw buses'!D13 -> 0 | I12: =F12 -> 1.7320508 | J12: =G12 -> 0
A13: ='raw buses'!A14 -> 12 | B13: ='raw buses'!B14 -> 3 | C13: =CHOOSE(B13,"Slack","PV","PQ") -> PQ | D13: ='raw buses'!E14-'raw buses'!G14 -> -0.061 | E13: ='raw buses'!F14-'raw buses'!H14 -> -0.016 | F13: ='raw buses'!C14*SQRT(3) -> 1.7320508 | G13: ='raw buses'!D14 -> 0 | I13: =F13 -> 1.7320508 | J13: =G13 -> 0
A14: ='raw buses'!A15 -> 13 | B14: ='raw buses'!B15 -> 3 | C14: =CHOOSE(B14,"Slack","PV","PQ") -> PQ | D14: ='raw buses'!E15-'raw buses'!G15 -> -0.135 | E14: ='raw buses'!F15-'raw buses'!H15 -> -0.058 | F14: ='raw buses'!C15*SQRT(3) -> 1.7320508 | G14: ='raw buses'!D15 -> 0 | I14: =F14 -> 1.7320508 | J14: =G14 -> 0
A15: ='raw buses'!A16 -> 14 | B15: ='raw buses'!B16 -> 3 | C15: =CHOOSE(B15,"Slack","PV","PQ") -> PQ | D15: ='raw buses'!E16-'raw buses'!G16 -> -0.149 | E15: ='raw buses'!F16-'raw buses'!H16 -> -0.05 | F15: ='raw buses'!C16*SQRT(3) -> 1.7320508 | G15: ='raw buses'!D16 -> 0 | I15: =F15 -> 1.7320508 | J15: =G15 -> 0

Sheet lines
A1: ID | B1: ID bus 1 | C1: ID bus 2 | D1: raw R | E1: raw X | F1: raw Y/2 | G1: raw tap ratio | H1: Z | I1: Y | J1: Trafo-rt (no fix) | K1: Trafo-rt | L1: Trafo-Zcc
A2: 1 | B2: ='raw lines'!A3 -> 1 | C2: ='raw lines'!B3 -> 2 | D2: ='raw lines'!C3 -> 0.01938 | E2: ='raw lines'!D3 -> 0.05917 | F2: ='raw lines'!E3 -> 0.0264 | G2: ='raw lines'!F3 -> 1 | H2: =IF(G2=1,_xlfn.CONCAT(D2,"+",E2,"j"),0) -> 0.01938+0.05917j | I2: =IF(G2=1,_xlfn.CONCAT(F2*2,"j"),0) -> 0.0528j | J2: =IF(G2=1,"-",G2) -> - | K2: =IF(ISNUMBER(J2), AVERAGE($J$2:$J$18), "-") -> - | L2: =IF(G2=1,"-",_xlfn.CONCAT(D2,"+",E2,"j")) -> -
A3: 2 | B3: ='raw lines'!A4 -> 1 | C3: ='raw lines'!B4 -> 5 | D3: ='raw lines'!C4 -> 0.05403 | E3: ='raw lines'!D4 -> 0.22304 | F3: ='raw lines'!E4 -> 0.0246 | G3: ='raw lines'!F4 -> 1 | H3: =IF(G3=1,_xlfn.CONCAT(D3,"+",E3,"j"),0) -> 0.05403+0.22304j | I3: =IF(G3=1,_xlfn.CONCAT(F3*2,"j"),0) -> 0.0492j | J3: =IF(G3=1,"-",G3) -> - | K3: =IF(ISNUMBER(J3), AVERAGE($J$2:$J$18), "-") -> - | L3: =IF(G3=1,"-",_xlfn.CONCAT(D3,"+",E3,"j")) -> -
A4: 3 | B4: ='raw lines'!A5 -> 2 | C4: ='raw lines'!B5 -> 3 | D4: ='raw lines'!C5 -> 0.04699 | E4: ='raw lines'!D5 -> 0.19797 | F4: ='raw lines'!E5 -> 0.0219 | G4: ='raw lines'!F5 -> 1 | H4: =IF(G4=1,_xlfn.CONCAT(D4,"+",E4,"j"),0) -> 0.04699+0.19797j | I4: =IF(G4=1,_xlfn.CONCAT(F4*2,"j"),0) -> 0.0438j | J4: =IF(G4=1,"-",G4) -> - | K4: =IF(ISNUMBER(J4), AVERAGE($J$2:$J$18), "-") -> - | L4: =IF(G4=1,"-",_xlfn.CONCAT(D4,"+",E4,"j")) -> -
A5: =A4+1 -> 4 | B5: ='raw lines'!A6 -> 2 | C5: ='raw lines'!B6 -> 4 | D5: ='raw lines'!C6 -> 0.05811 | E5: ='raw lines'!D6 -> 0.17632 | F5: ='raw lines'!E6 -> 0.017 | G5: ='raw lines'!F6 -> 1 | H5: =IF(G5=1,_xlfn.CONCAT(D5,"+",E5,"j"),0) -> 0.05811+0.17632j | I5: =IF(G5=1,_xlfn.CONCAT(F5*2,"j"),0) -> 0.034j | J5: =IF(G5=1,"-",G5) -> - | K5: =IF(ISNUMBER(J5), AVERAGE($J$2:$J$18), "-") -> - | L5: =IF(G5=1,"-",_xlfn.CONCAT(D5,"+",E5,"j")) -> -
A6: =A5+1 -> 5 | B6: ='raw lines'!A7 -> 2 | C6: ='raw lines'!B7 -> 5 | D6: ='raw lines'!C7 -> 0.05695 | E6: ='raw lines'!D7 -> 0.17388 | F6: ='raw lines'!E7 -> 0.0173 | G6: ='raw lines'!F7 -> 1 | H6: =IF(G6=1,_xlfn.CONCAT(D6,"+",E6,"j"),0) -> 0.05695+0.17388j | I6: =IF(G6=1,_xlfn.CONCAT(F6*2,"j"),0) -> 0.0346j | J6: =IF(G6=1,"-",G6) -> - | K6: =IF(ISNUMBER(J6), AVERAGE($J$2:$J$18), "-") -> - | L6: =IF(G6=1,"-",_xlfn.CONCAT(D6,"+",E6,"j")) -> - | N6: NOTAS
A7: =A6+1 -> 6 | B7: ='raw lines'!A8 -> 3 | C7: ='raw lines'!B8 -> 4 | D7: ='raw lines'!C8 -> 0.06701 | E7: ='raw lines'!D8 -> 0.17103 | F7: ='raw lines'!E8 -> 0.0064 | G7: ='raw lines'!F8 -> 1 | H7: =IF(G7=1,_xlfn.CONCAT(D7,"+",E7,"j"),0) -> 0.06701+0.17103j | I7: =IF(G7=1,_xlfn.CONCAT(F7*2,"j"),0) -> 0.0128j | J7: =IF(G7=1,"-",G7) -> - | K7: =IF(ISNUMBER(J7), AVERAGE($J$2:$J$18), "-") -> - | L7: =IF(G7=1,"-",_xlfn.CONCAT(D7,"+",E7,"j")) -> - | N7: Especificar los valores en unidades del sistema internacional
A8: =A7+1 -> 7 | B8: ='raw lines'!A9 -> 4 | C8: ='raw lines'!B9 -> 5 | D8: ='raw lines'!C9 -> 0.01335 | E8: ='raw lines'!D9 -> 0.04211 | F8: ='raw lines'!E9 -> 0 | G8: ='raw lines'!F9 -> 1 | H8: =IF(G8=1,_xlfn.CONCAT(D8,"+",E8,"j"),0) -> 0.01335+0.04211j | I8: =IF(G8=1,_xlfn.CONCAT(F8*2,"j"),0) -> 0j | J8: =IF(G8=1,"-",G8) -> - | K8: =IF(ISNUMBER(J8), AVERAGE($J$2:$J$18), "-") -> - | L8: =IF(G8=1,"-",_xlfn.CONCAT(D8,"+",E8,"j")) -> - | N8: El orden de las columnas no importa, solo las etiquetas de su cabecera (ID, Z, Y, etc)
A9: =A8+1 -> 8 | B9: ='raw lines'!A10 -> 4 | C9: ='raw lines'!B10 -> 7 | D9: ='raw lines'!C10 -> 0 | E9: ='raw lines'!D10 -> 0.20912 | F9: ='raw lines'!E10 -> 0 | G9: ='raw lines'!F10 -> 0.978 | H9: =IF(G9=1,_xlfn.CONCAT(D9,"+",E9,"j"),0) -> 0 | I9: =IF(G9=1,_xlfn.CONCAT(F9*2,"j"),0) -> 0 | J9: =IF(G9=1,"-",G9) -> 0.978 | K9: =IF(ISNUMBER(J9), AVERAGE($J$2:$J$18), "-") -> 0.95966667 | L9: =IF(G9=1,"-",_xlfn.CONCAT(D9,"+",E9,"j")) -> 0+0.20912j | N9: Las variables Z, Y, Trafo-rt, Trafo-Zcc son, en general, numeros complejos. Pueden especificarse en forma binomica (ej: 2+5j) o polar (ej: 5∠3.14).
A10: =A9+1 -> 9 | B10: ='raw lines'!A11 -> 4 | C10: ='raw lines'!B11 -> 9 | D10: ='raw lines'!C11 -> 0 | E10: ='raw lines'!D11 -> 0.55618 | F10: ='raw lines'!E11 -> 0 | G10: ='raw lines'!F11 -> 0.969 | H10: =IF(G10=1,_xlfn.CONCAT(D10,"+",E10,"j"),0) -> 0 | I10: =IF(G10=1,_xlfn.CONCAT(F10*2,"j"),0) -> 0 | J10: =IF(G10=1,"-",G10) -> 0.969 | K10: =IF(ISNUMBER(J10), AVERAGE($J$2:$J$18), "-") -> 0.95966667 | L10: =IF(G10=1,"-",_xlfn.CONCAT(D10,"+",E10,"j")) -> 0+0.55618j | N10: Todos los angulos se considerarán en radianes
A11: =A10+1 -> 10 | B11: ='raw lines'!A12 -> 5 | C11: ='raw lines'!B12 -> 6 | D11: ='raw lines'!C12 -> 0 | E11: ='raw lines'!D12 -> 0.25202 | F11: ='raw lines'!E12 -> 0 | G11: ='raw lines'!F12 -> 0.932 | H11: =IF(G11=1,_xlfn.CONCAT(D11,"+",E11,"j"),0) -> 0 | I11: =IF(G11=1,_xlfn.CONCAT(F11*2,"j"),0) -> 0 | J11: =IF(G11=1,"-",G11) -> 0.932 | K11: =IF(ISNUMBER(J11), AVERAGE($J$2:$J$18), "-") -> 0.95966667 | L11: =IF(G11=1,"-",_xlfn.CONCAT(D11,"+",E11,"j")) -> 0+0.25202j | N11: La relación de transformación compleja se especifica como UN1/UN2, estos son los fasores tensiones nominales (linea-neutro) del lado del bus 1 y del bus 2. Los buses 1 y 2 son aquellos que poseen la ID1 y la ID2 especificadas en las columnas, respectivamente
A12: =A11+1 -> 11 | B12: ='raw lines'!A13 -> 6 | C12: ='raw lines'!B13 -> 11 | D12: ='raw lines'!C13 -> 0.09498 | E12: ='raw lines'!D13 -> 0.1989 | F12: ='raw lines'!E13 -> 0 | G12: ='raw lines'!F13 -> 1 | H12: =IF(G12=1,_xlfn.CONCAT(D12,"+",E12,"j"),0) -> 0.09498+0.1989j | I12: =IF(G12=1,_xlfn.CONCAT(F12*2,"j"),0) -> 0j | J12: =IF(G12=1,"-",G12) -> - | K12: =IF(ISNUMBER(J12), AVERAGE($J$2:$J$18), "-") -> - | L12: =IF(G12=1,"-",_xlfn.CONCAT(D12,"+",E12,"j")) -> - | N12: Por tanto si rt se especifica como un complejo, su angulo debe ser el "retraso" que sufre la tensión (linea-neutro) de cada fase al pasar por el trafo desde el lado del bus 1 al lado del bus 2
A13: =A12+1 -> 12 | B13: ='raw lines'!A14 -> 6 | C13: ='raw lines'!B14 -> 12 | D13: ='raw lines'!C14 -> 0.12291 | E13: ='raw lines'!D14 -> 0.25581 | F13: ='raw lines'!E14 -> 0 | G13: ='raw lines'!F14 -> 1 | H13: =IF(G13=1,_xlfn.CONCAT(D13,"+",E13,"j"),0) -> 0.12291+0.25581j | I13: =IF(G13=1,_xlfn.CONCAT(F13*2,"j"),0) -> 0j | J13: =IF(G13=1,"-",G13) -> - | K13: =IF(ISNUMBER(J13), AVERAGE($J$2:$J$18), "-") -> - | L13: =IF(G13=1,"-",_xlfn.CONCAT(D13,"+",E13,"j")) -> - | N13: Independientemente del conexionado real del transformador, debe especificarse su equivalente estrella-estrella, tanto en la Zcc como en la rt.
A14: =A13+1 -> 13 | B14: ='raw lines'!A15 -> 6 | C14: ='raw lines'!B15 -> 13 | D14: ='raw lines'!C15 -> 0.06615 | E14: ='raw lines'!D15 -> 0.13027 | F14: ='raw lines'!E15 -> 0 | G14: ='raw lines'!F15 -> 1 | H14: =IF(G14=1,_xlfn.CONCAT(D14,"+",E14,"j"),0) -> 0.06615+0.13027j | I14: =IF(G14=1,_xlfn.CONCAT(F14*2,"j"),0) -> 0j | J14: =IF(G14=1,"-",G14) -> - | K14: =IF(ISNUMBER(J14), AVERAGE($J$2:$J$18), "-") -> - | L14: =IF(G14=1,"-",_xlfn.CONCAT(D14,"+",E14,"j")) -> - | N14: No pueden especificarse trafos y a la vez lineas PI. Es decir, si se quiere una linea "compuesta" donde hay trafos y tambien modelo PI de linea, deben usarse nudos intermedios tipo PQ con P=Q=0.
A15: =A14+1 -> 14 | B15: ='raw lines'!A16 -> 7 | C15: ='raw lines'!B16 -> 8 | D15: ='raw lines'!C16 -> 0 | E15: ='raw lines'!D16 -> 0.17615 | F15: ='raw lines'!E16 -> 0 | G15: ='raw lines'!F16 -> 1 | H15: =IF(G15=1,_xlfn.CONCAT(D15,"+",E15,"j"),0) -> 0+0.17615j | I15: =IF(G15=1,_xlfn.CONCAT(F15*2,"j"),0) -> 0j | J15: =IF(G15=1,"-",G15) -> - | K15: =IF(ISNUMBER(J15), AVERAGE($J$2:$J$18), "-") -> - | L15: =IF(G15=1,"-",_xlfn.CONCAT(D15,"+",E15,"j")) -> - | N15: El valor Zcc de los trafos será considerado como el valor que se mide desde el primario, siendo el primario el lado del bus 1 que se especifique.
A16: =A15+1 -> 15 | B16: ='raw lines'!A17 -> 7 | C16: ='raw lines'!B17 -> 9 | D16: ='raw lines'!C17 -> 0 | E16: ='raw lines'!D17 -> 0.11001 | F16: ='raw lines'!E17 -> 0 | G16: ='raw lines'!F17 -> 1 | H16: =IF(G16=1,_xlfn.CONCAT(D16,"+",E16,"j"),0) -> 0+0.11001j | I16: =IF(G16=1,_xlfn.CONCAT(F16*2,"j"),0) -> 0j | J16: =IF(G16=1,"-",G16) -> - | K16: =IF(ISNUMBER(J16), AVERAGE($J$2:$J$18), "-") -> - | L16: =IF(G16=1,"-",_xlfn.CONCAT(D16,"+",E16,"j")) -> -
A17: =A16+1 -> 16 | B17: ='raw lines'!A18 -> 9 | C17: ='raw lines'!B18 -> 10 | D17: ='raw lines'!C18 -> 0.03181 | E17: ='raw lines'!D18 -> 0.0845 | F17: ='raw lines'!E18 -> 0 | G17: ='raw lines'!F18 -> 1 | H17: =IF(G17=1,_xlfn.CONCAT(D17,"+",E17,"j"),0) -> 0.03181+0.0845j | I17: =IF(G17=1,_xlfn.CONCAT(F17*2,"j"),0) -> 0j | J17: =IF(G17=1,"-",G17) -> - | K17: =IF(ISNUMBER(J17), AVERAGE($J$2:$J$18), "-") -> - | L17: =IF(G17=1,"-",_xlfn.CONCAT(D17,"+",E17,"j")) -> -
A18: =A17+1 -> 17 | B18: ='raw lines'!A19 -> 9 | C18: ='raw lines'!B19 -> 14 | D18: ='raw lines'!C19 -> 0.12711 | E18: ='raw lines'!D19 -> 0.27038 | F18: ='raw lines'!E19 -> 0 | G18: ='raw lines'!F19 -> 1 | H18: =IF(G18=1,_xlfn.CONCAT(D18,"+",E18,"j"),0) -> 0.12711+0.27038j | I18: =IF(G18=1,_xlfn.CONCAT(F18*2,"j"),0) -> 0j | J18: =IF(G18=1,"-",G18) -> - | K18: =IF(ISNUMBER(J18), AVERAGE($J$2:$J$18), "-") -> - | L18: -
A19: =A18+1 -> 18 | B19: ='raw lines'!A20 -> 10 | C19: ='raw lines'!B20 -> 11 | D19: ='raw lines'!C20 -> 0.08205 | E19: ='raw lines'!D20 -> 0.19207 | F19: ='raw lines'!E20 -> 0 | G19: ='raw lines'!F20 -> 1 | H19: =IF(G19=1,_xlfn.CONCAT(D19,"+",E19,"j"),0) -> 0.08205+0.19207j | I19: =IF(G19=1,_xlfn.CONCAT(F19*2,"j"),0) -> 0j | J19: =IF(G19=1,"-",G19) -> - | K19: =IF(ISNUMBER(J19), AVERAGE($J$2:$J$18), "-") -> - | L19: -
A20: =A19+1 -> 19 | B20: ='raw lines'!A21 -> 12 | C20: ='raw lines'!B21 -> 13 | D20: ='raw lines'!C21 -> 0.22092 | E20: ='raw lines'!D21 -> 0.19988 | F20: ='raw lines'!E21 -> 0 | G20: ='raw lines'!F21 -> 1 | H20: =IF(G20=1,_xlfn.CONCAT(D20,"+",E20,"j"),0) -> 0.22092+0.19988j | I20: =IF(G20=1,_xlfn.CONCAT(F20*2,"j"),0) -> 0j | J20: =IF(G20=1,"-",G20) -> - | K20: =IF(ISNUMBER(J20), AVERAGE($J$2:$J$18), "-") -> - | L20: -
A21: =A20+1 -> 20 | B21: ='raw lines'!A22 -> 13 | C21: ='raw lines'!B22 -> 14 | D21: ='raw lines'!C22 -> 0.17093 | E21: ='raw lines'!D22 -> 0.34802 | F21: ='raw lines'!E22 -> 0 | G21: ='raw lines'!F22 -> 1 | H21: =IF(G21=1,_xlfn.CONCAT(D21,"+",E21,"j"),0) -> 0.17093+0.34802j | I21: =IF(G21=1,_xlfn.CONCAT(F21*2,"j"),0) -> 0j | J21: =IF(G21=1,"-",G21) -> - | K21: =IF(ISNUMBER(J21), AVERAGE($J$2:$J$18), "-") -> - | L21: -
